Date,Close
31-Jan-26,"Rp 41,012,747.17"
30-Jan-26,"Rp 45,328,291.11"
29-Jan-26,"Rp 47,312,350.38"
28-Jan-26,"Rp 50,334,528.46"
27-Jan-26,"Rp 50,413,197.21"
26-Jan-26,"Rp 48,991,817.15"
25-Jan-26,"Rp 47,334,747.48"
24-Jan-26,"Rp 49,472,349.14"
23-Jan-26,"Rp 49,548,111.60"
22-Jan-26,"Rp 49,633,480.64"
21-Jan-26,"Rp 50,354,600.62"
20-Jan-26,"Rp 49,820,752.06"
19-Jan-26,"Rp 54,001,913.56"
18-Jan-26,"Rp 55,451,549.66"
17-Jan-26,"Rp 55,949,914.59"
16-Jan-26,"Rp 55,723,638.16"
15-Jan-26,"Rp 56,028,494.76"
14-Jan-26,"Rp 56,551,902.33"
13-Jan-26,"Rp 55,998,403.69"
12-Jan-26,"Rp 52,182,525.44"
11-Jan-26,"Rp 52,486,424.54"
10-Jan-26,"Rp 51,915,718.27"
9-Jan-26,"Rp 51,926,682.76"
8-Jan-26,"Rp 52,193,518.20"
7-Jan-26,"Rp 53,076,305.87"
6-Jan-26,"Rp 55,203,842.36"
5-Jan-26,"Rp 54,016,229.05"
4-Jan-26,"Rp 52,459,285.46"
3-Jan-26,"Rp 52,210,638.23"
2-Jan-26,"Rp 52,185,669.46"
1-Jan-26,"Rp 50,031,574.42"
31-Dec-25,"Rp 49,529,994.88"
30-Dec-25,"Rp 49,700,212.39"
29-Dec-25,"Rp 49,232,749.96"
28-Dec-25,"Rp 49,454,527.24"
27-Dec-25,"Rp 49,444,711.53"
26-Dec-25,"Rp 49,071,484.47"
25-Dec-25,"Rp 48,664,283.34"
24-Dec-25,"Rp 49,278,122.08"
23-Dec-25,"Rp 49,612,661.26"
22-Dec-25,"Rp 50,405,543.94"
21-Dec-25,"Rp 50,149,298.27"
20-Dec-25,"Rp 49,792,702.97"
19-Dec-25,"Rp 49,723,177.28"
18-Dec-25,"Rp 47,203,853.82"
17-Dec-25,"Rp 47,217,619.17"
16-Dec-25,"Rp 49,345,017.98"
15-Dec-25,"Rp 49,360,466.26"
14-Dec-25,"Rp 50,934,923.68"
13-Dec-25,"Rp 51,842,332.36"
12-Dec-25,"Rp 51,301,357.65"
11-Dec-25,"Rp 53,917,340.36"
10-Dec-25,"Rp 55,354,215.66"
9-Dec-25,"Rp 55,359,665.88"
8-Dec-25,"Rp 52,169,713.21"
7-Dec-25,"Rp 51,036,436.88"
6-Dec-25,"Rp 50,739,701.00"
5-Dec-25,"Rp 50,476,423.52"
4-Dec-25,"Rp 52,220,532.29"
3-Dec-25,"Rp 52,984,314.62"
2-Dec-25,"Rp 49,815,115.22"
1-Dec-25,"Rp 46,525,754.70"
30-Nov-25,"Rp 49,811,172.55"
29-Nov-25,"Rp 49,805,126.68"
28-Nov-25,"Rp 50,481,350.82"
27-Nov-25,"Rp 50,150,830.54"
26-Nov-25,"Rp 50,364,926.45"
25-Nov-25,"Rp 49,220,798.52"
24-Nov-25,"Rp 49,176,245.45"
23-Nov-25,"Rp 46,759,224.30"
22-Nov-25,"Rp 46,140,442.28"
21-Nov-25,"Rp 46,108,630.47"
20-Nov-25,"Rp 47,398,017.34"
19-Nov-25,"Rp 50,503,722.96"
18-Nov-25,"Rp 52,261,024.89"
17-Nov-25,"Rp 50,648,626.52"
16-Nov-25,"Rp 51,695,632.81"
15-Nov-25,"Rp 52,951,822.61"
14-Nov-25,"Rp 51,870,465.16"
13-Nov-25,"Rp 54,072,075.63"
12-Nov-25,"Rp 57,119,845.61"
11-Nov-25,"Rp 57,041,703.29"
10-Nov-25,"Rp 59,579,928.81"
9-Nov-25,"Rp 59,803,804.30"
8-Nov-25,"Rp 56,736,973.08"
7-Nov-25,"Rp 57,319,717.10"
6-Nov-25,"Rp 55,318,348.96"
5-Nov-25,"Rp 57,118,836.12"
4-Nov-25,"Rp 55,032,089.50"
3-Nov-25,"Rp 60,062,363.45"
2-Nov-25,"Rp 65,076,145.14"
1-Nov-25,"Rp 64,456,997.93"
31-Oct-25,"Rp 64,005,991.42"
30-Oct-25,"Rp 63,287,276.03"
29-Oct-25,"Rp 64,673,950.21"
28-Oct-25,"Rp 66,044,828.06"
27-Oct-25,"Rp 67,703,078.77"
26-Oct-25,"Rp 69,082,429.64"
25-Oct-25,"Rp 65,657,468.20"
24-Oct-25,"Rp 65,343,523.26"
23-Oct-25,"Rp 64,011,193.42"
22-Oct-25,"Rp 63,226,635.32"
21-Oct-25,"Rp 64,377,159.98"
20-Oct-25,"Rp 65,879,392.25"
19-Oct-25,"Rp 66,039,851.26"
18-Oct-25,"Rp 64,473,345.71"
17-Oct-25,"Rp 63,515,657.91"
16-Oct-25,"Rp 64,531,990.75"
15-Oct-25,"Rp 66,120,803.70"
14-Oct-25,"Rp 68,432,318.92"
13-Oct-25,"Rp 70,283,560.77"
12-Oct-25,"Rp 69,149,082.00"
11-Oct-25,"Rp 62,277,404.23"
10-Oct-25,"Rp 63,811,623.83"
9-Oct-25,"Rp 72,453,510.87"
8-Oct-25,"Rp 74,991,775.91"
7-Oct-25,"Rp 73,859,740.10"
6-Oct-25,"Rp 77,834,585.57"
5-Oct-25,"Rp 74,799,999.32"
4-Oct-25,"Rp 74,364,898.89"
3-Oct-25,"Rp 74,773,133.71"
2-Oct-25,"Rp 74,559,677.27"
1-Oct-25,"Rp 72,450,590.03"
30-Sep-25,"Rp 69,196,034.46"
29-Sep-25,"Rp 70,155,026.45"
28-Sep-25,"Rp 69,285,669.48"
27-Sep-25,"Rp 67,022,981.13"
26-Sep-25,"Rp 67,310,335.37"
25-Sep-25,"Rp 64,858,423.03"
24-Sep-25,"Rp 69,368,713.88"
23-Sep-25,"Rp 69,325,023.64"
22-Sep-25,"Rp 69,718,385.38"
21-Sep-25,"Rp 74,085,898.15"
20-Sep-25,"Rp 74,601,708.11"
19-Sep-25,"Rp 74,412,826.14"
18-Sep-25,"Rp 76,084,793.09"
17-Sep-25,"Rp 75,555,056.67"
16-Sep-25,"Rp 73,907,998.84"
15-Sep-25,"Rp 74,110,837.65"
14-Sep-25,"Rp 75,634,830.07"
13-Sep-25,"Rp 76,595,027.26"
12-Sep-25,"Rp 77,367,289.93"
11-Sep-25,"Rp 73,259,250.92"
10-Sep-25,"Rp 71,528,272.88"
9-Sep-25,"Rp 70,913,466.30"
8-Sep-25,"Rp 70,988,415.66"
7-Sep-25,"Rp 70,603,015.94"
6-Sep-25,"Rp 70,006,528.47"
5-Sep-25,"Rp 70,542,879.61"
4-Sep-25,"Rp 70,754,105.84"
3-Sep-25,"Rp 73,301,466.46"
2-Sep-25,"Rp 71,160,269.99"
1-Sep-25,"Rp 70,919,539.12"
31-Aug-25,"Rp 72,044,870.11"
30-Aug-25,"Rp 71,807,195.38"
29-Aug-25,"Rp 71,577,361.78"
28-Aug-25,"Rp 73,710,158.36"
27-Aug-25,"Rp 73,614,711.12"
26-Aug-25,"Rp 75,028,129.71"
25-Aug-25,"Rp 71,167,096.16"
24-Aug-25,"Rp 77,592,245.32"
23-Aug-25,"Rp 77,532,662.74"
22-Aug-25,"Rp 78,429,699.49"
21-Aug-25,"Rp 69,041,245.84"
20-Aug-25,"Rp 70,578,669.90"
19-Aug-25,"Rp 66,330,458.00"
18-Aug-25,"Rp 69,941,499.99"
17-Aug-25,"Rp 72,481,579.43"
16-Aug-25,"Rp 71,717,399.59"
15-Aug-25,"Rp 71,941,135.83"
14-Aug-25,"Rp 73,571,143.34"
13-Aug-25,"Rp 76,652,235.29"
12-Aug-25,"Rp 74,632,832.50"
11-Aug-25,"Rp 68,926,615.10"
10-Aug-25,"Rp 69,156,987.44"
9-Aug-25,"Rp 69,309,490.64"
8-Aug-25,"Rp 65,184,506.23"
7-Aug-25,"Rp 63,830,063.84"
6-Aug-25,"Rp 60,247,206.33"
5-Aug-25,"Rp 59,186,387.93"
4-Aug-25,"Rp 60,874,222.88"
3-Aug-25,"Rp 57,670,746.88"
2-Aug-25,"Rp 55,532,219.48"
1-Aug-25,"Rp 57,097,399.15"
31-Jul-25,"Rp 60,957,617.75"
30-Jul-25,"Rp 62,628,923.16"
29-Jul-25,"Rp 62,119,341.78"
28-Jul-25,"Rp 62,138,778.45"
27-Jul-25,"Rp 63,398,879.08"
26-Jul-25,"Rp 61,208,491.98"
25-Jul-25,"Rp 60,977,340.94"
24-Jul-25,"Rp 60,489,100.52"
23-Jul-25,"Rp 59,064,713.81"
22-Jul-25,"Rp 60,954,356.32"
21-Jul-25,"Rp 61,478,432.79"
20-Jul-25,"Rp 61,384,398.23"
19-Jul-25,"Rp 58,704,527.29"
18-Jul-25,"Rp 57,949,224.50"
17-Jul-25,"Rp 56,808,397.15"
16-Jul-25,"Rp 54,915,003.99"
15-Jul-25,"Rp 51,091,029.53"
14-Jul-25,"Rp 49,021,493.12"
13-Jul-25,"Rp 48,255,857.40"
12-Jul-25,"Rp 47,761,690.54"
11-Jul-25,"Rp 48,004,718.27"
10-Jul-25,"Rp 47,915,917.79"
9-Jul-25,"Rp 45,024,237.03"
8-Jul-25,"Rp 42,549,047.69"
7-Jul-25,"Rp 41,529,695.07"
6-Jul-25,"Rp 41,615,669.21"
5-Jul-25,"Rp 40,783,826.23"
4-Jul-25,"Rp 40,641,871.20"
3-Jul-25,"Rp 42,056,239.67"
2-Jul-25,"Rp 41,598,551.37"
1-Jul-25,"Rp 38,168,023.70"
30-Jun-25,"Rp 40,153,377.23"
29-Jun-25,"Rp 40,606,094.66"
28-Jun-25,"Rp 39,559,711.17"
27-Jun-25,"Rp 39,344,753.60"
26-Jun-25,"Rp 39,234,971.47"
25-Jun-25,"Rp 39,508,183.11"
24-Jun-25,"Rp 39,877,574.73"
23-Jun-25,"Rp 39,820,855.78"
22-Jun-25,"Rp 36,627,265.83"
21-Jun-25,"Rp 37,766,218.22"
20-Jun-25,"Rp 39,519,648.32"
19-Jun-25,"Rp 40,274,591.60"
18-Jun-25,"Rp 41,211,746.79"
17-Jun-25,"Rp 41,035,885.83"
16-Jun-25,"Rp 41,356,858.48"
15-Jun-25,"Rp 41,506,143.85"
14-Jun-25,"Rp 41,287,876.88"
13-Jun-25,"Rp 42,038,226.99"
12-Jun-25,"Rp 43,031,859.63"
11-Jun-25,"Rp 45,096,477.33"
10-Jun-25,"Rp 45,666,982.17"
9-Jun-25,"Rp 43,710,071.04"
8-Jun-25,"Rp 40,965,849.12"
7-Jun-25,"Rp 41,223,346.28"
6-Jun-25,"Rp 40,418,777.54"
5-Jun-25,"Rp 39,279,259.40"
4-Jun-25,"Rp 42,514,229.40"
3-Jun-25,"Rp 42,374,069.78"
2-Jun-25,"Rp 42,484,739.42"
1-Jun-25,"Rp 41,414,946.84"
31-May-25,"Rp 41,198,255.02"
30-May-25,"Rp 41,411,888.59"
29-May-25,"Rp 42,912,274.48"
28-May-25,"Rp 43,701,293.81"
27-May-25,"Rp 43,368,889.43"
26-May-25,"Rp 41,685,198.26"
25-May-25,"Rp 41,384,471.55"
24-May-25,"Rp 41,113,511.33"
23-May-25,"Rp 41,045,208.04"
22-May-25,"Rp 43,593,511.05"
21-May-25,"Rp 41,738,789.01"
20-May-25,"Rp 41,421,682.41"
19-May-25,"Rp 41,566,854.25"
18-May-25,"Rp 41,206,923.70"
17-May-25,"Rp 40,835,713.17"
16-May-25,"Rp 41,834,326.67"
15-May-25,"Rp 42,073,566.23"
14-May-25,"Rp 43,229,365.98"
13-May-25,"Rp 44,516,445.83"
12-May-25,"Rp 41,686,256.78"
11-May-25,"Rp 41,546,034.26"
10-May-25,"Rp 42,725,661.41"
9-May-25,"Rp 38,805,943.32"
8-May-25,"Rp 36,524,395.58"
7-May-25,"Rp 29,908,512.67"
6-May-25,"Rp 29,839,004.23"
5-May-25,"Rp 29,897,456.23"
4-May-25,"Rp 29,781,477.72"
3-May-25,"Rp 30,210,033.56"
2-May-25,"Rp 30,338,105.00"
1-May-25,"Rp 30,554,988.17"
30-Apr-25,"Rp 29,694,247.04"
29-Apr-25,"Rp 30,077,151.39"
28-Apr-25,"Rp 30,224,701.40"
27-Apr-25,"Rp 30,174,608.43"
26-Apr-25,"Rp 30,617,805.95"
25-Apr-25,"Rp 30,022,615.35"
24-Apr-25,"Rp 29,722,574.85"
23-Apr-25,"Rp 30,270,158.94"
22-Apr-25,"Rp 29,632,729.70"
21-Apr-25,"Rp 26,577,296.20"
20-Apr-25,"Rp 26,742,301.02"
19-Apr-25,"Rp 27,201,000.74"
18-Apr-25,"Rp 26,796,286.21"
17-Apr-25,"Rp 26,688,752.42"
16-Apr-25,"Rp 26,516,194.46"
15-Apr-25,"Rp 26,730,090.78"
14-Apr-25,"Rp 27,245,692.94"
13-Apr-25,"Rp 26,823,256.43"
12-Apr-25,"Rp 27,610,183.82"
11-Apr-25,"Rp 26,327,072.81"
10-Apr-25,"Rp 25,633,430.58"
9-Apr-25,"Rp 28,108,392.79"
8-Apr-25,"Rp 25,137,632.44"
7-Apr-25,"Rp 26,231,047.68"
6-Apr-25,"Rp 26,402,311.84"
5-Apr-25,"Rp 29,918,802.06"
4-Apr-25,"Rp 30,397,788.44"
3-Apr-25,"Rp 30,408,474.41"
2-Apr-25,"Rp 30,038,466.07"
1-Apr-25,"Rp 31,888,972.43"
31-Mar-25,"Rp 30,373,114.86"
30-Mar-25,"Rp 29,975,224.33"
29-Mar-25,"Rp 30,325,418.65"
28-Mar-25,"Rp 31,456,946.78"
27-Mar-25,"Rp 33,174,857.77"
26-Mar-25,"Rp 33,425,476.72"
25-Mar-25,"Rp 34,382,783.73"
24-Mar-25,"Rp 34,484,178.86"
23-Mar-25,"Rp 33,130,884.34"
22-Mar-25,"Rp 32,722,104.83"
21-Mar-25,"Rp 32,471,069.47"
20-Mar-25,"Rp 32,634,257.51"
19-Mar-25,"Rp 33,994,633.02"
18-Mar-25,"Rp 31,928,032.79"
17-Mar-25,"Rp 31,577,314.82"
16-Mar-25,"Rp 30,823,931.68"
15-Mar-25,"Rp 31,633,780.28"
14-Mar-25,"Rp 31,177,785.68"
13-Mar-25,"Rp 30,530,796.03"
12-Mar-25,"Rp 31,332,705.51"
11-Mar-25,"Rp 31,589,704.75"
10-Mar-25,"Rp 30,394,421.61"
9-Mar-25,"Rp 32,851,314.13"
8-Mar-25,"Rp 35,884,502.72"
7-Mar-25,"Rp 34,865,384.41"
6-Mar-25,"Rp 35,957,857.11"
5-Mar-25,"Rp 36,500,175.49"
4-Mar-25,"Rp 35,558,660.07"
3-Mar-25,"Rp 35,317,433.64"
2-Mar-25,"Rp 41,654,793.26"
1-Mar-25,"Rp 36,644,328.35"
28-Feb-25,"Rp 36,995,818.61"
27-Feb-25,"Rp 38,181,818.68"
26-Feb-25,"Rp 38,171,958.82"
25-Feb-25,"Rp 40,703,780.44"
24-Feb-25,"Rp 40,950,021.54"
23-Feb-25,"Rp 46,052,387.47"
22-Feb-25,"Rp 45,059,482.20"
21-Feb-25,"Rp 43,357,970.36"
20-Feb-25,"Rp 44,598,776.55"
19-Feb-25,"Rp 44,414,396.37"
18-Feb-25,"Rp 43,574,285.75"
17-Feb-25,"Rp 44,515,136.78"
16-Feb-25,"Rp 43,122,658.79"
15-Feb-25,"Rp 43,581,393.51"
14-Feb-25,"Rp 44,127,533.81"
13-Feb-25,"Rp 43,446,087.11"
12-Feb-25,"Rp 44,837,570.77"
11-Feb-25,"Rp 42,549,239.14"
10-Feb-25,"Rp 43,492,209.84"
9-Feb-25,"Rp 42,918,461.03"
8-Feb-25,"Rp 43,025,737.77"
7-Feb-25,"Rp 42,860,697.25"
6-Feb-25,"Rp 43,919,463.89"
5-Feb-25,"Rp 45,461,666.88"
4-Feb-25,"Rp 44,595,283.45"
3-Feb-25,"Rp 47,096,319.39"
2-Feb-25,"Rp 46,932,489.70"
1-Feb-25,"Rp 51,001,044.25"
31-Jan-25,"Rp 53,943,951.72"
30-Jan-25,"Rp 52,874,344.78"
29-Jan-25,"Rp 50,570,667.30"
28-Jan-25,"Rp 49,964,190.05"
27-Jan-25,"Rp 51,535,704.63"
26-Jan-25,"Rp 52,336,738.67"
25-Jan-25,"Rp 53,641,740.68"
24-Jan-25,"Rp 53,516,993.63"
23-Jan-25,"Rp 54,148,758.72"
22-Jan-25,"Rp 52,675,520.08"
21-Jan-25,"Rp 54,386,812.67"
20-Jan-25,"Rp 53,422,900.44"
19-Jan-25,"Rp 52,560,164.55"
18-Jan-25,"Rp 54,159,081.44"
17-Jan-25,"Rp 56,916,646.90"
16-Jan-25,"Rp 54,249,381.49"
15-Jan-25,"Rp 56,405,161.15"
14-Jan-25,"Rp 52,581,842.36"
13-Jan-25,"Rp 51,187,347.52"
12-Jan-25,"Rp 53,237,826.51"
11-Jan-25,"Rp 53,556,438.90"
10-Jan-25,"Rp 53,316,125.11"
9-Jan-25,"Rp 52,327,915.91"
8-Jan-25,"Rp 54,037,277.97"
7-Jan-25,"Rp 54,851,896.09"
6-Jan-25,"Rp 59,772,286.89"
5-Jan-25,"Rp 58,938,620.03"
4-Jan-25,"Rp 59,256,311.39"
3-Jan-25,"Rp 58,402,598.47"
2-Jan-25,"Rp 56,175,948.05"
1-Jan-25,"Rp 54,653,843.61"
31-Dec-24,"Rp 54,209,685.66"
30-Dec-24,"Rp 54,304,755.67"
29-Dec-24,"Rp 54,259,324.46"
28-Dec-24,"Rp 54,995,048.29"
27-Dec-24,"Rp 53,878,519.56"
26-Dec-24,"Rp 53,950,279.20"
25-Dec-24,"Rp 56,634,251.66"
24-Dec-24,"Rp 56,479,972.12"
23-Dec-24,"Rp 55,445,028.78"
22-Dec-24,"Rp 53,065,564.02"
21-Dec-24,"Rp 53,967,225.76"
20-Dec-24,"Rp 56,155,702.91"
19-Dec-24,"Rp 55,842,959.99"
18-Dec-24,"Rp 58,772,660.35"
17-Dec-24,"Rp 62,344,644.98"
16-Dec-24,"Rp 63,863,496.36"
15-Dec-24,"Rp 63,361,937.06"
14-Dec-24,"Rp 62,020,013.30"
13-Dec-24,"Rp 62,706,202.32"
12-Dec-24,"Rp 62,021,650.76"
11-Dec-24,"Rp 61,211,349.79"
10-Dec-24,"Rp 57,800,086.99"
9-Dec-24,"Rp 58,999,747.08"
8-Dec-24,"Rp 63,550,432.29"
7-Dec-24,"Rp 63,503,720.37"
6-Dec-24,"Rp 63,553,185.71"
5-Dec-24,"Rp 60,465,361.66"
4-Dec-24,"Rp 61,143,719.34"
3-Dec-24,"Rp 57,858,972.75"
2-Dec-24,"Rp 58,074,419.80"
1-Dec-24,"Rp 58,782,592.70"
30-Nov-24,"Rp 58,683,547.57"
29-Nov-24,"Rp 56,906,575.74"
28-Nov-24,"Rp 56,866,427.80"
27-Nov-24,"Rp 58,065,778.82"
26-Nov-24,"Rp 53,008,034.62"
25-Nov-24,"Rp 54,203,151.56"
24-Nov-24,"Rp 53,588,542.29"
23-Nov-24,"Rp 54,147,858.12"
22-Nov-24,"Rp 53,117,545.14"
21-Nov-24,"Rp 53,434,203.38"
20-Nov-24,"Rp 48,966,652.25"
19-Nov-24,"Rp 49,327,935.05"
18-Nov-24,"Rp 50,818,860.15"
17-Nov-24,"Rp 48,885,787.81"
16-Nov-24,"Rp 49,813,727.29"
15-Nov-24,"Rp 49,333,067.33"
14-Nov-24,"Rp 48,893,288.60"
13-Nov-24,"Rp 50,663,820.32"
12-Nov-24,"Rp 51,376,241.25"
11-Nov-24,"Rp 53,150,390.52"
10-Nov-24,"Rp 49,959,553.82"
9-Nov-24,"Rp 49,017,596.89"
8-Nov-24,"Rp 46,366,473.69"
7-Nov-24,"Rp 45,098,409.63"
6-Nov-24,"Rp 43,125,372.38"
5-Nov-24,"Rp 38,078,012.85"
4-Nov-24,"Rp 37,870,667.43"
3-Nov-24,"Rp 38,936,094.43"
2-Nov-24,"Rp 39,481,094.20"
1-Nov-24,"Rp 39,811,023.38"
31-Oct-24,"Rp 39,557,513.65"
30-Oct-24,"Rp 41,730,742.29"
29-Oct-24,"Rp 41,611,297.38"
28-Oct-24,"Rp 40,411,918.38"
27-Oct-24,"Rp 39,350,784.22"
26-Oct-24,"Rp 38,917,620.33"
25-Oct-24,"Rp 38,232,227.50"
24-Oct-24,"Rp 39,619,702.45"
23-Oct-24,"Rp 39,309,571.31"
22-Oct-24,"Rp 40,854,268.36"
21-Oct-24,"Rp 41,486,468.00"
20-Oct-24,"Rp 42,498,197.66"
19-Oct-24,"Rp 40,986,243.79"
18-Oct-24,"Rp 40,876,304.62"
17-Oct-24,"Rp 40,431,345.69"
16-Oct-24,"Rp 40,706,219.61"
15-Oct-24,"Rp 40,623,946.61"
14-Oct-24,"Rp 40,958,260.40"
13-Oct-24,"Rp 38,423,340.06"
12-Oct-24,"Rp 38,557,359.66"
11-Oct-24,"Rp 37,934,443.87"
10-Oct-24,"Rp 37,397,961.86"
9-Oct-24,"Rp 37,199,813.69"
8-Oct-24,"Rp 38,284,769.67"
7-Oct-24,"Rp 38,126,438.96"
6-Oct-24,"Rp 38,234,402.87"
5-Oct-24,"Rp 37,852,951.06"
4-Oct-24,"Rp 37,839,821.02"
3-Oct-24,"Rp 36,391,300.35"
2-Oct-24,"Rp 36,198,173.36"
1-Oct-24,"Rp 37,421,964.68"
30-Sep-24,"Rp 39,579,568.18"
29-Sep-24,"Rp 40,221,318.06"
28-Sep-24,"Rp 40,497,377.29"
27-Sep-24,"Rp 40,775,092.13"
26-Sep-24,"Rp 39,835,713.47"
25-Sep-24,"Rp 39,257,133.30"
24-Sep-24,"Rp 40,186,920.65"
23-Sep-24,"Rp 40,195,417.23"
22-Sep-24,"Rp 39,158,283.61"
21-Sep-24,"Rp 39,658,487.02"
20-Sep-24,"Rp 38,827,900.40"
19-Sep-24,"Rp 37,469,398.88"
18-Sep-24,"Rp 36,306,736.89"
17-Sep-24,"Rp 35,949,375.09"
16-Sep-24,"Rp 35,291,315.88"
15-Sep-24,"Rp 35,741,838.04"
14-Sep-24,"Rp 37,274,672.50"
13-Sep-24,"Rp 37,629,318.81"
12-Sep-24,"Rp 36,456,410.00"
11-Sep-24,"Rp 36,119,978.11"
10-Sep-24,"Rp 37,012,781.30"
9-Sep-24,"Rp 36,517,677.01"
8-Sep-24,"Rp 35,405,745.32"
7-Sep-24,"Rp 35,154,170.36"
6-Sep-24,"Rp 34,377,683.69"
5-Sep-24,"Rp 36,519,984.34"
4-Sep-24,"Rp 37,856,706.02"
3-Sep-24,"Rp 37,656,929.14"
2-Sep-24,"Rp 39,485,238.03"
1-Sep-24,"Rp 37,711,122.10"
31-Aug-24,"Rp 39,039,036.93"
30-Aug-24,"Rp 39,232,076.38"
29-Aug-24,"Rp 39,109,170.17"
28-Aug-24,"Rp 39,058,707.42"
27-Aug-24,"Rp 38,063,638.83"
26-Aug-24,"Rp 41,513,988.58"
25-Aug-24,"Rp 42,375,159.28"
24-Aug-24,"Rp 42,651,925.15"
23-Aug-24,"Rp 42,575,802.73"
22-Aug-24,"Rp 41,314,106.78"
21-Aug-24,"Rp 40,806,383.66"
20-Aug-24,"Rp 39,751,658.43"
19-Aug-24,"Rp 40,957,848.29"
18-Aug-24,"Rp 41,009,632.07"
17-Aug-24,"Rp 41,042,370.80"
16-Aug-24,"Rp 40,707,062.82"
15-Aug-24,"Rp 40,537,993.77"
14-Aug-24,"Rp 41,629,346.92"
13-Aug-24,"Rp 42,598,348.69"
12-Aug-24,"Rp 43,491,059.32"
11-Aug-24,"Rp 40,660,334.22"
10-Aug-24,"Rp 41,629,603.42"
9-Aug-24,"Rp 41,463,337.46"
8-Aug-24,"Rp 42,895,990.53"
7-Aug-24,"Rp 37,454,939.85"
6-Aug-24,"Rp 39,769,476.59"
5-Aug-24,"Rp 39,183,016.79"
4-Aug-24,"Rp 43,033,726.43"
3-Aug-24,"Rp 46,965,021.96"
2-Aug-24,"Rp 48,301,599.46"
1-Aug-24,"Rp 52,112,455.22"
31-Jul-24,"Rp 52,520,766.54"
30-Jul-24,"Rp 53,563,929.71"
29-Jul-24,"Rp 54,156,708.76"
28-Jul-24,"Rp 53,293,185.26"
27-Jul-24,"Rp 52,949,487.68"
26-Jul-24,"Rp 53,411,603.42"
25-Jul-24,"Rp 51,882,646.18"
24-Jul-24,"Rp 54,226,455.74"
23-Jul-24,"Rp 56,511,208.49"
22-Jul-24,"Rp 55,824,025.89"
21-Jul-24,"Rp 57,338,479.32"
20-Jul-24,"Rp 57,058,511.38"
19-Jul-24,"Rp 56,838,654.27"
18-Jul-24,"Rp 55,477,488.57"
17-Jul-24,"Rp 54,750,191.60"
16-Jul-24,"Rp 55,715,916.52"
15-Jul-24,"Rp 56,538,796.54"
14-Jul-24,"Rp 52,277,912.09"
13-Jul-24,"Rp 51,199,126.33"
12-Jul-24,"Rp 50,505,556.48"
11-Jul-24,"Rp 49,944,076.84"
10-Jul-24,"Rp 50,271,109.91"
9-Jul-24,"Rp 49,865,174.07"
8-Jul-24,"Rp 49,187,219.73"
7-Jul-24,"Rp 47,608,750.68"
6-Jul-24,"Rp 49,882,916.21"
5-Jul-24,"Rp 48,456,345.69"
4-Jul-24,"Rp 49,930,055.30"
3-Jul-24,"Rp 53,828,569.02"
2-Jul-24,"Rp 55,993,055.04"
1-Jul-24,"Rp 56,340,746.94"
30-Jun-24,"Rp 56,126,401.32"
29-Jun-24,"Rp 55,149,542.38"
28-Jun-24,"Rp 55,160,465.75"
27-Jun-24,"Rp 56,462,175.46"
26-Jun-24,"Rp 55,373,748.63"
25-Jun-24,"Rp 55,706,042.80"
24-Jun-24,"Rp 54,947,889.44"
23-Jun-24,"Rp 56,236,298.77"
22-Jun-24,"Rp 57,585,962.34"
21-Jun-24,"Rp 57,936,310.88"
20-Jun-24,"Rp 57,896,770.04"
19-Jun-24,"Rp 58,340,015.98"
18-Jun-24,"Rp 57,049,114.22"
17-Jun-24,"Rp 57,820,122.58"
16-Jun-24,"Rp 59,645,565.45"
15-Jun-24,"Rp 58,783,431.92"
14-Jun-24,"Rp 57,377,502.98"
13-Jun-24,"Rp 56,521,453.24"
12-Jun-24,"Rp 57,798,798.33"
11-Jun-24,"Rp 57,074,470.78"
10-Jun-24,"Rp 59,832,046.72"
9-Jun-24,"Rp 60,321,679.99"
8-Jun-24,"Rp 59,914,085.31"
7-Jun-24,"Rp 59,876,310.50"
6-Jun-24,"Rp 61,930,590.71"
5-Jun-24,"Rp 63,073,502.77"
4-Jun-24,"Rp 62,078,567.10"
3-Jun-24,"Rp 61,053,331.13"
2-Jun-24,"Rp 61,441,291.34"
1-Jun-24,"Rp 61,983,928.89"
31-May-24,"Rp 61,119,609.79"
30-May-24,"Rp 60,830,267.62"
29-May-24,"Rp 61,189,887.62"
28-May-24,"Rp 61,878,901.30"
27-May-24,"Rp 62,576,590.12"
26-May-24,"Rp 61,386,389.21"
25-May-24,"Rp 60,156,500.78"
24-May-24,"Rp 59,798,664.86"
23-May-24,"Rp 60,781,520.07"
22-May-24,"Rp 59,974,124.90"
21-May-24,"Rp 60,644,351.86"
20-May-24,"Rp 58,753,449.02"
19-May-24,"Rp 49,042,766.81"
18-May-24,"Rp 49,856,320.30"
17-May-24,"Rp 49,396,058.95"
16-May-24,"Rp 46,942,444.07"
15-May-24,"Rp 48,353,032.47"
14-May-24,"Rp 46,413,363.81"
13-May-24,"Rp 47,551,836.79"
12-May-24,"Rp 46,990,918.91"
11-May-24,"Rp 46,745,771.01"
10-May-24,"Rp 46,716,696.86"
9-May-24,"Rp 48,688,979.20"
8-May-24,"Rp 47,796,034.19"
7-May-24,"Rp 48,345,398.20"
6-May-24,"Rp 49,132,836.10"
5-May-24,"Rp 50,458,942.98"
4-May-24,"Rp 49,783,644.34"
3-May-24,"Rp 49,559,532.88"
2-May-24,"Rp 48,093,974.49"
1-May-24,"Rp 48,091,506.92"
30-Apr-24,"Rp 48,988,367.47"
29-Apr-24,"Rp 52,222,103.44"
28-Apr-24,"Rp 52,889,719.68"
27-Apr-24,"Rp 52,817,020.25"
26-Apr-24,"Rp 50,835,616.12"
25-Apr-24,"Rp 51,114,148.14"
24-Apr-24,"Rp 50,955,899.71"
23-Apr-24,"Rp 51,979,836.99"
22-Apr-24,"Rp 51,988,906.34"
21-Apr-24,"Rp 51,059,673.39"
20-Apr-24,"Rp 51,211,187.40"
19-Apr-24,"Rp 49,616,142.80"
18-Apr-24,"Rp 49,756,265.11"
17-Apr-24,"Rp 48,511,611.10"
16-Apr-24,"Rp 50,293,144.95"
15-Apr-24,"Rp 49,882,419.66"
14-Apr-24,"Rp 50,882,543.80"
13-Apr-24,"Rp 48,432,384.38"
12-Apr-24,"Rp 52,270,588.80"
11-Apr-24,"Rp 56,133,205.58"
10-Apr-24,"Rp 56,691,721.67"
9-Apr-24,"Rp 55,729,499.28"
8-Apr-24,"Rp 58,803,997.93"
7-Apr-24,"Rp 54,869,382.55"
6-Apr-24,"Rp 53,290,434.67"
5-Apr-24,"Rp 52,729,617.85"
4-Apr-24,"Rp 52,987,884.61"
3-Apr-24,"Rp 52,745,709.90"
2-Apr-24,"Rp 52,330,992.50"
1-Apr-24,"Rp 55,925,032.53"
31-Mar-24,"Rp 57,923,849.39"
30-Mar-24,"Rp 55,706,507.28"
29-Mar-24,"Rp 55,767,833.10"
28-Mar-24,"Rp 56,568,243.61"
27-Mar-24,"Rp 55,596,467.86"
26-Mar-24,"Rp 56,774,584.86"
25-Mar-24,"Rp 56,724,370.49"
24-Mar-24,"Rp 54,625,629.29"
23-Mar-24,"Rp 52,765,399.24"
22-Mar-24,"Rp 52,719,441.94"
21-Mar-24,"Rp 54,934,243.34"
20-Mar-24,"Rp 55,138,598.66"
19-Mar-24,"Rp 49,654,724.51"
18-Mar-24,"Rp 55,391,652.80"
17-Mar-24,"Rp 56,999,644.04"
16-Mar-24,"Rp 55,120,784.40"
15-Mar-24,"Rp 58,443,497.23"
14-Mar-24,"Rp 60,723,034.49"
13-Mar-24,"Rp 62,425,090.12"
12-Mar-24,"Rp 61,938,591.54"
11-Mar-24,"Rp 63,132,662.27"
10-Mar-24,"Rp 60,345,540.71"
9-Mar-24,"Rp 60,850,699.23"
8-Mar-24,"Rp 60,487,689.79"
7-Mar-24,"Rp 60,547,231.18"
6-Mar-24,"Rp 59,816,169.84"
5-Mar-24,"Rp 55,983,645.52"
4-Mar-24,"Rp 57,216,000.03"
3-Mar-24,"Rp 54,824,315.00"
2-Mar-24,"Rp 53,732,856.76"
1-Mar-24,"Rp 53,937,045.04"
29-Feb-24,"Rp 52,504,769.52"
28-Feb-24,"Rp 53,259,991.27"
27-Feb-24,"Rp 50,807,967.81"
26-Feb-24,"Rp 49,725,997.38"
25-Feb-24,"Rp 48,535,537.86"
24-Feb-24,"Rp 46,663,717.64"
23-Feb-24,"Rp 45,560,777.93"
22-Feb-24,"Rp 46,331,114.86"
21-Feb-24,"Rp 46,473,859.58"
20-Feb-24,"Rp 47,189,975.85"
19-Feb-24,"Rp 46,040,288.13"
18-Feb-24,"Rp 45,073,913.09"
17-Feb-24,"Rp 43,627,032.68"
16-Feb-24,"Rp 43,893,471.29"
15-Feb-24,"Rp 44,283,295.76"
14-Feb-24,"Rp 43,424,029.01"
13-Feb-24,"Rp 41,400,497.60"
12-Feb-24,"Rp 41,423,561.01"
11-Feb-24,"Rp 39,154,312.87"
10-Feb-24,"Rp 39,047,800.70"
9-Feb-24,"Rp 38,833,726.44"
8-Feb-24,"Rp 37,906,823.98"
7-Feb-24,"Rp 37,930,950.49"
6-Feb-24,"Rp 37,339,166.29"
5-Feb-24,"Rp 36,264,972.47"
4-Feb-24,"Rp 36,008,758.99"
3-Feb-24,"Rp 36,119,436.47"
2-Feb-24,"Rp 36,308,208.49"
1-Feb-24,"Rp 36,243,691.91"
31-Jan-24,"Rp 36,005,035.85"
30-Jan-24,"Rp 37,023,721.63"
29-Jan-24,"Rp 36,679,475.78"
28-Jan-24,"Rp 35,625,473.59"
27-Jan-24,"Rp 35,776,469.85"
26-Jan-24,"Rp 35,765,643.64"
25-Jan-24,"Rp 35,073,399.73"
24-Jan-24,"Rp 35,115,276.35"
23-Jan-24,"Rp 35,233,683.09"
22-Jan-24,"Rp 36,194,400.06"
21-Jan-24,"Rp 38,322,450.70"
20-Jan-24,"Rp 38,574,117.74"
19-Jan-24,"Rp 38,885,097.16"
18-Jan-24,"Rp 38,536,314.59"
17-Jan-24,"Rp 39,521,079.07"
16-Jan-24,"Rp 40,451,215.89"
15-Jan-24,"Rp 39,068,350.44"
14-Jan-24,"Rp 38,418,832.18"
13-Jan-24,"Rp 40,034,668.56"
12-Jan-24,"Rp 39,224,562.40"
11-Jan-24,"Rp 40,768,683.86"
10-Jan-24,"Rp 40,182,415.80"
9-Jan-24,"Rp 36,427,113.34"
8-Jan-24,"Rp 36,178,338.79"
7-Jan-24,"Rp 34,469,618.89"
6-Jan-24,"Rp 34,752,692.45"
5-Jan-24,"Rp 35,171,631.98"
4-Jan-24,"Rp 35,211,047.97"
3-Jan-24,"Rp 34,403,876.56"
2-Jan-24,"Rp 36,527,339.06"
1-Jan-24,"Rp 36,202,327.01"
31-Dec-23,"Rp 35,128,109.47"
30-Dec-23,"Rp 35,275,114.71"
29-Dec-23,"Rp 35,407,860.99"
28-Dec-23,"Rp 36,295,284.78"
27-Dec-23,"Rp 36,587,482.73"
26-Dec-23,"Rp 34,379,014.89"
25-Dec-23,"Rp 35,151,086.10"
24-Dec-23,"Rp 35,058,086.41"
23-Dec-23,"Rp 35,713,673.92"
22-Dec-23,"Rp 35,984,012.54"
21-Dec-23,"Rp 34,592,424.85"
20-Dec-23,"Rp 34,362,589.80"
19-Dec-23,"Rp 33,674,187.16"
18-Dec-23,"Rp 34,260,720.70"
17-Dec-23,"Rp 34,110,643.48"
16-Dec-23,"Rp 34,581,607.89"
15-Dec-23,"Rp 34,463,756.19"
14-Dec-23,"Rp 35,849,162.59"
13-Dec-23,"Rp 34,714,070.35"
12-Dec-23,"Rp 34,299,303.86"
11-Dec-23,"Rp 34,821,523.19"
10-Dec-23,"Rp 36,636,413.20"
9-Dec-23,"Rp 36,459,121.91"
8-Dec-23,"Rp 36,732,532.49"
7-Dec-23,"Rp 36,558,142.65"
6-Dec-23,"Rp 34,621,994.15"
5-Dec-23,"Rp 35,470,962.93"
4-Dec-23,"Rp 34,735,456.24"
3-Dec-23,"Rp 33,928,084.20"
2-Dec-23,"Rp 33,535,570.91"
1-Dec-23,"Rp 32,168,358.43"
30-Nov-23,"Rp 31,925,046.69"
29-Nov-23,"Rp 31,379,660.24"
28-Nov-23,"Rp 31,456,315.60"
27-Nov-23,"Rp 31,435,916.19"
26-Nov-23,"Rp 32,069,118.01"
25-Nov-23,"Rp 32,391,417.54"
24-Nov-23,"Rp 32,340,741.73"
23-Nov-23,"Rp 32,239,365.18"
22-Nov-23,"Rp 32,316,879.12"
21-Nov-23,"Rp 30,055,438.60"
20-Nov-23,"Rp 31,120,339.05"
19-Nov-23,"Rp 31,066,808.41"
18-Nov-23,"Rp 30,282,297.02"
17-Nov-23,"Rp 30,251,382.22"
16-Nov-23,"Rp 30,362,289.96"
15-Nov-23,"Rp 31,975,993.09"
14-Nov-23,"Rp 30,593,308.56"
13-Nov-23,"Rp 32,233,565.92"
12-Nov-23,"Rp 32,091,622.06"
11-Nov-23,"Rp 32,215,394.49"
10-Nov-23,"Rp 32,616,782.68"
9-Nov-23,"Rp 33,321,849.31"
8-Nov-23,"Rp 29,516,469.65"
7-Nov-23,"Rp 29,551,032.03"
6-Nov-23,"Rp 29,592,177.78"
5-Nov-23,"Rp 29,600,985.98"
4-Nov-23,"Rp 28,959,849.18"
3-Nov-23,"Rp 28,571,627.85"
2-Nov-23,"Rp 28,543,444.17"
1-Nov-23,"Rp 29,383,846.71"
31-Oct-23,"Rp 28,916,209.73"
30-Oct-23,"Rp 28,690,244.17"
29-Oct-23,"Rp 28,576,012.72"
28-Oct-23,"Rp 28,267,238.81"
27-Oct-23,"Rp 28,321,767.49"
26-Oct-23,"Rp 28,733,271.04"
25-Oct-23,"Rp 28,385,274.40"
24-Oct-23,"Rp 28,317,452.17"
23-Oct-23,"Rp 28,075,155.13"
22-Oct-23,"Rp 26,407,399.00"
21-Oct-23,"Rp 25,871,318.46"
20-Oct-23,"Rp 25,480,104.01"
19-Oct-23,"Rp 24,864,530.60"
18-Oct-23,"Rp 24,744,808.80"
17-Oct-23,"Rp 24,630,943.69"
16-Oct-23,"Rp 25,099,065.02"
15-Oct-23,"Rp 24,435,845.65"
14-Oct-23,"Rp 24,422,197.68"
13-Oct-23,"Rp 24,372,460.91"
12-Oct-23,"Rp 24,238,426.56"
11-Oct-23,"Rp 24,589,415.24"
10-Oct-23,"Rp 24,657,091.60"
9-Oct-23,"Rp 24,815,961.32"
8-Oct-23,"Rp 25,499,994.35"
7-Oct-23,"Rp 25,577,077.58"
6-Oct-23,"Rp 25,754,217.99"
5-Oct-23,"Rp 25,202,041.60"
4-Oct-23,"Rp 25,711,268.49"
3-Oct-23,"Rp 25,893,075.00"
2-Oct-23,"Rp 25,856,099.05"
1-Oct-23,"Rp 26,796,867.85"
30-Sep-23,"Rp 25,891,894.85"
29-Sep-23,"Rp 25,842,037.59"
28-Sep-23,"Rp 25,582,892.37"
27-Sep-23,"Rp 24,882,523.34"
26-Sep-23,"Rp 24,700,735.85"
25-Sep-23,"Rp 24,479,232.04"
24-Sep-23,"Rp 24,305,744.56"
23-Sep-23,"Rp 24,476,953.12"
22-Sep-23,"Rp 24,467,901.41"
21-Sep-23,"Rp 24,411,259.71"
20-Sep-23,"Rp 24,940,582.85"
19-Sep-23,"Rp 25,297,211.35"
18-Sep-23,"Rp 25,178,730.12"
17-Sep-23,"Rp 24,917,072.93"
16-Sep-23,"Rp 25,128,452.05"
15-Sep-23,"Rp 25,227,087.17"
14-Sep-23,"Rp 25,058,011.51"
13-Sep-23,"Rp 24,700,300.15"
12-Sep-23,"Rp 24,457,030.64"
11-Sep-23,"Rp 23,819,619.52"
10-Sep-23,"Rp 24,778,447.24"
9-Sep-23,"Rp 25,151,576.21"
8-Sep-23,"Rp 25,166,581.42"
7-Sep-23,"Rp 25,308,745.00"
6-Sep-23,"Rp 25,055,750.56"
5-Sep-23,"Rp 25,028,000.12"
4-Sep-23,"Rp 24,826,669.83"
3-Sep-23,"Rp 24,924,750.68"
2-Sep-23,"Rp 24,977,301.17"
1-Sep-23,"Rp 24,847,089.42"
31-Aug-23,"Rp 25,075,374.74"
30-Aug-23,"Rp 25,957,689.44"
29-Aug-23,"Rp 26,295,635.28"
28-Aug-23,"Rp 25,208,825.71"
27-Aug-23,"Rp 25,351,828.64"
26-Aug-23,"Rp 25,185,201.70"
25-Aug-23,"Rp 25,286,601.42"
24-Aug-23,"Rp 25,307,515.72"
23-Aug-23,"Rp 25,694,662.65"
22-Aug-23,"Rp 25,037,770.61"
21-Aug-23,"Rp 25,550,398.77"
20-Aug-23,"Rp 25,753,678.41"
19-Aug-23,"Rp 25,577,978.53"
18-Aug-23,"Rp 25,447,340.31"
17-Aug-23,"Rp 25,898,632.44"
16-Aug-23,"Rp 27,750,332.14"
15-Aug-23,"Rp 27,985,532.71"
14-Aug-23,"Rp 28,275,723.07"
13-Aug-23,"Rp 28,184,508.96"
12-Aug-23,"Rp 28,331,556.56"
11-Aug-23,"Rp 28,304,502.52"
10-Aug-23,"Rp 28,247,762.10"
9-Aug-23,"Rp 28,211,057.06"
8-Aug-23,"Rp 28,230,023.36"
7-Aug-23,"Rp 27,815,451.94"
6-Aug-23,"Rp 27,722,513.90"
5-Aug-23,"Rp 27,805,388.41"
4-Aug-23,"Rp 27,695,151.42"
3-Aug-23,"Rp 27,834,559.75"
2-Aug-23,"Rp 28,004,422.73"
1-Aug-23,"Rp 28,321,979.94"
31-Jul-23,"Rp 28,042,924.26"
30-Jul-23,"Rp 28,100,902.18"
29-Jul-23,"Rp 28,417,485.11"
28-Jul-23,"Rp 28,321,948.58"
27-Jul-23,"Rp 28,074,836.86"
26-Jul-23,"Rp 28,123,003.62"
25-Jul-23,"Rp 27,919,592.68"
24-Jul-23,"Rp 27,807,211.20"
23-Jul-23,"Rp 28,419,771.54"
22-Jul-23,"Rp 28,054,528.38"
21-Jul-23,"Rp 28,463,223.65"
20-Jul-23,"Rp 28,470,430.90"
19-Jul-23,"Rp 28,334,413.99"
18-Jul-23,"Rp 28,446,815.10"
17-Jul-23,"Rp 28,644,679.50"
16-Jul-23,"Rp 28,774,191.29"
15-Jul-23,"Rp 28,977,793.24"
14-Jul-23,"Rp 29,096,024.38"
13-Jul-23,"Rp 30,028,028.86"
12-Jul-23,"Rp 27,960,019.59"
11-Jul-23,"Rp 28,442,085.70"
10-Jul-23,"Rp 28,562,209.74"
9-Jul-23,"Rp 28,197,087.10"
8-Jul-23,"Rp 28,284,751.79"
7-Jul-23,"Rp 28,361,515.39"
6-Jul-23,"Rp 28,092,552.66"
5-Jul-23,"Rp 28,822,400.11"
4-Jul-23,"Rp 29,088,236.51"
3-Jul-23,"Rp 29,453,549.46"
2-Jul-23,"Rp 29,047,536.01"
1-Jul-23,"Rp 28,946,049.25"
30-Jun-23,"Rp 29,075,742.25"
29-Jun-23,"Rp 27,915,466.79"
28-Jun-23,"Rp 27,397,643.75"
27-Jun-23,"Rp 28,322,874.16"
26-Jun-23,"Rp 27,977,628.93"
25-Jun-23,"Rp 28,496,906.32"
24-Jun-23,"Rp 28,225,881.04"
23-Jun-23,"Rp 28,478,678.27"
22-Jun-23,"Rp 27,987,661.13"
21-Jun-23,"Rp 28,270,482.00"
20-Jun-23,"Rp 26,912,509.76"
19-Jun-23,"Rp 26,090,971.71"
18-Jun-23,"Rp 25,696,215.86"
17-Jun-23,"Rp 25,841,478.56"
16-Jun-23,"Rp 25,683,855.22"
15-Jun-23,"Rp 24,823,110.82"
14-Jun-23,"Rp 24,617,329.43"
13-Jun-23,"Rp 25,867,587.87"
12-Jun-23,"Rp 25,923,598.58"
11-Jun-23,"Rp 26,020,771.54"
10-Jun-23,"Rp 26,091,168.58"
9-Jun-23,"Rp 27,399,020.66"
8-Jun-23,"Rp 27,402,877.09"
7-Jun-23,"Rp 27,298,523.43"
6-Jun-23,"Rp 28,023,851.61"
5-Jun-23,"Rp 26,914,710.29"
4-Jun-23,"Rp 28,339,043.42"
3-Jun-23,"Rp 28,200,542.26"
2-Jun-23,"Rp 28,421,747.67"
1-Jun-23,"Rp 27,773,101.57"
31-May-23,"Rp 28,094,395.33"
30-May-23,"Rp 28,487,611.73"
29-May-23,"Rp 28,337,432.44"
28-May-23,"Rp 28,577,140.43"
27-May-23,"Rp 27,481,606.68"
26-May-23,"Rp 27,445,158.55"
25-May-23,"Rp 27,047,577.79"
24-May-23,"Rp 26,913,330.86"
23-May-23,"Rp 27,634,001.74"
22-May-23,"Rp 27,064,845.68"
21-May-23,"Rp 26,932,970.22"
20-May-23,"Rp 27,190,659.43"
19-May-23,"Rp 27,072,836.92"
18-May-23,"Rp 26,887,328.15"
17-May-23,"Rp 27,102,457.99"
16-May-23,"Rp 27,164,816.72"
15-May-23,"Rp 26,881,219.00"
14-May-23,"Rp 26,557,708.81"
13-May-23,"Rp 26,662,338.23"
12-May-23,"Rp 26,839,058.71"
11-May-23,"Rp 26,545,552.97"
10-May-23,"Rp 27,079,911.96"
9-May-23,"Rp 27,314,959.85"
8-May-23,"Rp 27,278,493.54"
7-May-23,"Rp 27,487,019.82"
6-May-23,"Rp 27,885,374.63"
5-May-23,"Rp 29,277,119.48"
4-May-23,"Rp 27,621,226.74"
3-May-23,"Rp 27,972,765.33"
2-May-23,"Rp 27,609,081.98"
1-May-23,"Rp 26,887,600.60"
30-Apr-23,"Rp 27,534,751.28"
29-Apr-23,"Rp 28,010,588.83"
28-Apr-23,"Rp 27,769,880.63"
27-Apr-23,"Rp 28,047,708.74"
26-Apr-23,"Rp 27,712,879.22"
25-Apr-23,"Rp 27,891,165.58"
24-Apr-23,"Rp 27,547,200.96"
23-Apr-23,"Rp 27,642,877.91"
22-Apr-23,"Rp 27,993,478.08"
21-Apr-23,"Rp 27,631,597.70"
20-Apr-23,"Rp 29,047,177.08"
19-Apr-23,"Rp 29,070,996.61"
18-Apr-23,"Rp 31,359,617.15"
17-Apr-23,"Rp 30,867,504.74"
16-Apr-23,"Rp 31,164,596.11"
15-Apr-23,"Rp 30,931,181.22"
14-Apr-23,"Rp 31,066,713.63"
13-Apr-23,"Rp 29,639,064.09"
12-Apr-23,"Rp 28,496,967.84"
11-Apr-23,"Rp 28,231,290.91"
10-Apr-23,"Rp 28,597,493.55"
9-Apr-23,"Rp 27,729,175.40"
8-Apr-23,"Rp 27,633,259.79"
7-Apr-23,"Rp 27,874,375.11"
6-Apr-23,"Rp 27,971,437.06"
5-Apr-23,"Rp 28,571,402.24"
4-Apr-23,"Rp 27,990,224.48"
3-Apr-23,"Rp 27,013,286.90"
2-Apr-23,"Rp 26,926,422.75"
1-Apr-23,"Rp 27,151,043.86"
31-Mar-23,"Rp 27,273,211.38"
30-Mar-23,"Rp 26,934,119.94"
29-Mar-23,"Rp 26,958,481.88"
28-Mar-23,"Rp 26,706,822.36"
27-Mar-23,"Rp 25,923,186.09"
26-Mar-23,"Rp 26,910,348.95"
25-Mar-23,"Rp 26,446,023.93"
24-Mar-23,"Rp 26,570,289.00"
23-Mar-23,"Rp 27,397,195.50"
22-Mar-23,"Rp 26,513,964.99"
21-Mar-23,"Rp 27,645,246.03"
20-Mar-23,"Rp 26,631,792.50"
19-Mar-23,"Rp 27,439,025.43"
18-Mar-23,"Rp 27,083,755.97"
17-Mar-23,"Rp 27,559,548.66"
16-Mar-23,"Rp 25,878,362.59"
15-Mar-23,"Rp 25,609,621.92"
14-Mar-23,"Rp 26,198,991.08"
13-Mar-23,"Rp 25,894,988.48"
12-Mar-23,"Rp 24,654,419.89"
11-Mar-23,"Rp 22,984,338.74"
10-Mar-23,"Rp 22,155,595.41"
9-Mar-23,"Rp 22,293,969.63"
8-Mar-23,"Rp 23,704,100.56"
7-Mar-23,"Rp 24,099,629.15"
6-Mar-23,"Rp 24,065,746.49"
5-Mar-23,"Rp 23,898,700.60"
4-Mar-23,"Rp 23,939,072.27"
3-Mar-23,"Rp 23,973,351.11"
2-Mar-23,"Rp 25,250,952.41"
1-Mar-23,"Rp 25,365,205.87"
28-Feb-23,"Rp 24,490,607.43"
27-Feb-23,"Rp 24,867,910.02"
26-Feb-23,"Rp 25,046,824.91"
25-Feb-23,"Rp 24,346,615.99"
24-Feb-23,"Rp 24,552,057.52"
23-Feb-23,"Rp 25,118,411.61"
22-Feb-23,"Rp 24,981,388.06"
21-Feb-23,"Rp 25,263,448.80"
20-Feb-23,"Rp 25,825,840.00"
19-Feb-23,"Rp 25,509,574.32"
18-Feb-23,"Rp 25,656,957.94"
17-Feb-23,"Rp 25,703,084.68"
16-Feb-23,"Rp 24,841,225.03"
15-Feb-23,"Rp 25,466,942.29"
14-Feb-23,"Rp 23,649,436.22"
13-Feb-23,"Rp 22,936,342.64"
12-Feb-23,"Rp 23,010,338.48"
11-Feb-23,"Rp 23,388,022.74"
10-Feb-23,"Rp 23,007,605.36"
9-Feb-23,"Rp 23,423,845.32"
8-Feb-23,"Rp 24,976,075.12"
7-Feb-23,"Rp 25,337,386.85"
6-Feb-23,"Rp 24,577,313.09"
5-Feb-23,"Rp 24,629,418.65"
4-Feb-23,"Rp 25,164,425.86"
3-Feb-23,"Rp 25,129,501.04"
2-Feb-23,"Rp 24,492,806.73"
1-Feb-23,"Rp 24,443,009.62"
31-Jan-23,"Rp 23,801,124.35"
30-Jan-23,"Rp 23,530,585.92"
29-Jan-23,"Rp 24,659,371.46"
28-Jan-23,"Rp 23,543,755.43"
27-Jan-23,"Rp 23,928,718.11"
26-Jan-23,"Rp 23,974,609.54"
25-Jan-23,"Rp 24,078,640.63"
24-Jan-23,"Rp 23,279,872.54"
23-Jan-23,"Rp 24,466,588.62"
22-Jan-23,"Rp 24,538,307.37"
21-Jan-23,"Rp 24,509,769.86"
20-Jan-23,"Rp 25,001,208.25"
19-Jan-23,"Rp 23,527,830.14"
18-Jan-23,"Rp 22,928,105.51"
17-Jan-23,"Rp 23,799,667.87"
16-Jan-23,"Rp 23,850,395.24"
15-Jan-23,"Rp 23,649,754.98"
14-Jan-23,"Rp 23,438,701.64"
13-Jan-23,"Rp 21,940,795.39"
12-Jan-23,"Rp 21,560,606.01"
11-Jan-23,"Rp 21,418,993.88"
10-Jan-23,"Rp 20,765,068.20"
9-Jan-23,"Rp 20,610,060.64"
8-Jan-23,"Rp 20,111,214.20"
7-Jan-23,"Rp 19,731,846.50"
6-Jan-23,"Rp 19,811,451.99"
5-Jan-23,"Rp 19,550,856.83"
4-Jan-23,"Rp 19,621,228.21"
3-Jan-23,"Rp 18,943,625.08"
2-Jan-23,"Rp 18,902,183.52"
1-Jan-23,"Rp 18,680,180.73"
31-Dec-22,"Rp 18,596,029.90"
30-Dec-22,"Rp 18,629,241.37"
29-Dec-22,"Rp 18,779,913.79"
28-Dec-22,"Rp 18,788,630.40"
27-Dec-22,"Rp 18,943,805.38"
26-Dec-22,"Rp 19,169,020.09"
25-Dec-22,"Rp 19,001,990.98"
24-Dec-22,"Rp 19,041,638.37"
23-Dec-22,"Rp 19,013,108.01"
22-Dec-22,"Rp 18,977,207.02"
21-Dec-22,"Rp 18,859,707.97"
20-Dec-22,"Rp 18,951,729.67"
19-Dec-22,"Rp 18,176,825.73"
18-Dec-22,"Rp 18,479,418.06"
17-Dec-22,"Rp 18,554,084.36"
16-Dec-22,"Rp 18,243,596.49"
15-Dec-22,"Rp 19,792,352.10"
14-Dec-22,"Rp 20,028,447.00"
13-Dec-22,"Rp 20,548,010.25"
12-Dec-22,"Rp 19,981,374.45"
11-Dec-22,"Rp 19,706,368.20"
10-Dec-22,"Rp 19,759,391.09"
9-Dec-22,"Rp 19,727,267.10"
8-Dec-22,"Rp 19,976,446.66"
7-Dec-22,"Rp 19,235,883.59"
6-Dec-22,"Rp 19,869,527.71"
5-Dec-22,"Rp 19,550,623.27"
4-Dec-22,"Rp 19,750,954.46"
3-Dec-22,"Rp 19,118,387.71"
2-Dec-22,"Rp 19,901,467.59"
1-Dec-22,"Rp 19,604,205.58"
30-Nov-22,"Rp 20,261,330.57"
29-Nov-22,"Rp 19,146,114.84"
28-Nov-22,"Rp 18,420,198.37"
27-Nov-22,"Rp 18,743,279.74"
26-Nov-22,"Rp 18,924,759.30"
25-Nov-22,"Rp 18,814,545.01"
24-Nov-22,"Rp 18,838,243.59"
23-Nov-22,"Rp 18,481,281.27"
22-Nov-22,"Rp 17,360,355.43"
21-Nov-22,"Rp 17,446,363.63"
20-Nov-22,"Rp 17,887,768.05"
19-Nov-22,"Rp 19,057,901.09"
18-Nov-22,"Rp 18,961,951.85"
17-Nov-22,"Rp 18,893,522.58"
16-Nov-22,"Rp 19,010,443.50"
15-Nov-22,"Rp 19,473,134.89"
14-Nov-22,"Rp 19,310,980.73"
13-Nov-22,"Rp 19,059,708.05"
12-Nov-22,"Rp 19,423,959.31"
11-Nov-22,"Rp 19,918,290.62"
10-Nov-22,"Rp 20,171,914.01"
9-Nov-22,"Rp 17,244,060.81"
8-Nov-22,"Rp 20,868,206.88"
7-Nov-22,"Rp 24,584,060.57"
6-Nov-22,"Rp 24,651,941.83"
5-Nov-22,"Rp 25,420,070.04"
4-Nov-22,"Rp 25,687,310.86"
3-Nov-22,"Rp 24,132,349.35"
2-Nov-22,"Rp 23,869,353.75"
1-Nov-22,"Rp 24,760,131.10"
31-Oct-22,"Rp 24,571,697.63"
30-Oct-22,"Rp 24,745,608.09"
29-Oct-22,"Rp 25,197,844.73"
28-Oct-22,"Rp 24,198,757.38"
27-Oct-22,"Rp 23,590,931.52"
26-Oct-22,"Rp 24,286,090.84"
25-Oct-22,"Rp 22,704,195.19"
24-Oct-22,"Rp 20,979,286.43"
23-Oct-22,"Rp 21,314,311.85"
22-Oct-22,"Rp 20,420,529.95"
21-Oct-22,"Rp 20,197,527.86"
20-Oct-22,"Rp 19,969,236.92"
19-Oct-22,"Rp 20,040,380.66"
18-Oct-22,"Rp 20,278,250.58"
17-Oct-22,"Rp 20,563,589.10"
16-Oct-22,"Rp 20,152,460.41"
15-Oct-22,"Rp 19,725,069.11"
14-Oct-22,"Rp 20,073,973.93"
13-Oct-22,"Rp 19,837,752.04"
12-Oct-22,"Rp 19,836,216.71"
11-Oct-22,"Rp 19,646,605.27"
10-Oct-22,"Rp 19,784,325.49"
9-Oct-22,"Rp 20,173,819.86"
8-Oct-22,"Rp 20,114,923.36"
7-Oct-22,"Rp 20,375,117.42"
6-Oct-22,"Rp 20,588,293.32"
5-Oct-22,"Rp 20,572,256.19"
4-Oct-22,"Rp 20,669,113.15"
3-Oct-22,"Rp 20,207,461.87"
2-Oct-22,"Rp 19,432,060.56"
1-Oct-22,"Rp 20,073,012.87"
30-Sep-22,"Rp 20,322,986.67"
29-Sep-22,"Rp 20,285,487.37"
28-Sep-22,"Rp 20,295,678.00"
27-Sep-22,"Rp 20,180,431.47"
26-Sep-22,"Rp 20,284,449.22"
25-Sep-22,"Rp 19,462,171.10"
24-Sep-22,"Rp 19,917,990.47"
23-Sep-22,"Rp 20,073,138.76"
22-Sep-22,"Rp 19,950,584.59"
21-Sep-22,"Rp 18,863,021.48"
20-Sep-22,"Rp 19,889,265.29"
19-Sep-22,"Rp 20,643,627.71"
18-Sep-22,"Rp 19,967,360.19"
17-Sep-22,"Rp 22,044,948.84"
16-Sep-22,"Rp 21,485,570.00"
15-Sep-22,"Rp 21,991,662.12"
14-Sep-22,"Rp 24,394,632.13"
13-Sep-22,"Rp 23,660,285.62"
12-Sep-22,"Rp 25,467,750.55"
11-Sep-22,"Rp 26,127,668.13"
10-Sep-22,"Rp 26,351,403.65"
9-Sep-22,"Rp 25,504,867.48"
8-Sep-22,"Rp 24,374,856.83"
7-Sep-22,"Rp 24,299,133.21"
6-Sep-22,"Rp 23,271,615.44"
5-Sep-22,"Rp 24,083,738.68"
4-Sep-22,"Rp 23,501,711.20"
3-Sep-22,"Rp 23,185,414.25"
2-Sep-22,"Rp 23,488,441.05"
1-Sep-22,"Rp 23,658,620.06"
31-Aug-22,"Rp 23,070,356.90"
30-Aug-22,"Rp 22,643,483.57"
29-Aug-22,"Rp 23,120,377.26"
28-Aug-22,"Rp 21,197,930.34"
27-Aug-22,"Rp 22,117,313.82"
26-Aug-22,"Rp 22,360,344.46"
25-Aug-22,"Rp 25,064,813.74"
24-Aug-22,"Rp 24,607,328.57"
23-Aug-22,"Rp 24,694,627.15"
22-Aug-22,"Rp 24,192,940.86"
21-Aug-22,"Rp 24,070,652.48"
20-Aug-22,"Rp 23,458,561.47"
19-Aug-22,"Rp 23,993,831.93"
18-Aug-22,"Rp 27,428,251.05"
17-Aug-22,"Rp 27,074,687.76"
16-Aug-22,"Rp 27,701,804.55"
15-Aug-22,"Rp 28,137,732.15"
14-Aug-22,"Rp 28,409,145.41"
13-Aug-22,"Rp 29,048,526.21"
12-Aug-22,"Rp 28,695,338.54"
11-Aug-22,"Rp 27,714,758.50"
10-Aug-22,"Rp 27,343,758.62"
9-Aug-22,"Rp 25,306,951.95"
8-Aug-22,"Rp 26,333,123.34"
7-Aug-22,"Rp 25,308,554.88"
6-Aug-22,"Rp 25,283,521.77"
5-Aug-22,"Rp 25,890,277.01"
4-Aug-22,"Rp 23,946,667.16"
3-Aug-22,"Rp 24,099,861.54"
2-Aug-22,"Rp 24,323,048.90"
1-Aug-22,"Rp 24,274,979.16"
31-Jul-22,"Rp 24,941,439.32"
30-Jul-22,"Rp 25,126,466.52"
29-Jul-22,"Rp 25,592,224.62"
28-Jul-22,"Rp 25,640,457.28"
27-Jul-22,"Rp 24,413,737.40"
26-Jul-22,"Rp 21,613,621.00"
25-Jul-22,"Rp 21,637,100.75"
24-Jul-22,"Rp 24,020,165.00"
23-Jul-22,"Rp 23,205,378.41"
22-Jul-22,"Rp 23,027,253.90"
21-Jul-22,"Rp 23,676,392.56"
20-Jul-22,"Rp 22,766,906.00"
19-Jul-22,"Rp 23,084,221.62"
18-Jul-22,"Rp 23,651,562.14"
17-Jul-22,"Rp 20,073,445.02"
16-Jul-22,"Rp 20,284,460.04"
15-Jul-22,"Rp 18,492,435.79"
14-Jul-22,"Rp 17,927,226.81"
13-Jul-22,"Rp 16,737,716.03"
12-Jul-22,"Rp 15,556,264.36"
11-Jul-22,"Rp 16,470,178.43"
10-Jul-22,"Rp 17,499,027.67"
9-Jul-22,"Rp 18,226,622.90"
8-Jul-22,"Rp 18,309,414.13"
7-Jul-22,"Rp 18,520,152.53"
6-Jul-22,"Rp 17,799,327.70"
5-Jul-22,"Rp 17,035,302.88"
4-Jul-22,"Rp 17,259,727.98"
3-Jul-22,"Rp 16,040,336.13"
2-Jul-22,"Rp 15,971,188.67"
1-Jul-22,"Rp 15,870,175.51"
30-Jun-22,"Rp 15,933,597.05"
29-Jun-22,"Rp 16,339,976.83"
28-Jun-22,"Rp 17,009,592.60"
27-Jun-22,"Rp 17,675,665.89"
26-Jun-22,"Rp 17,814,987.85"
25-Jun-22,"Rp 18,439,696.15"
24-Jun-22,"Rp 18,193,494.23"
23-Jun-22,"Rp 16,999,301.55"
22-Jun-22,"Rp 15,596,687.36"
21-Jun-22,"Rp 16,692,396.95"
20-Jun-22,"Rp 16,720,399.54"
19-Jun-22,"Rp 16,715,591.29"
18-Jun-22,"Rp 14,744,427.50"
17-Jun-22,"Rp 16,122,696.99"
16-Jun-22,"Rp 15,845,389.79"
15-Jun-22,"Rp 18,122,092.00"
14-Jun-22,"Rp 17,911,406.74"
13-Jun-22,"Rp 17,848,303.48"
12-Jun-22,"Rp 21,032,141.03"
11-Jun-22,"Rp 22,355,954.93"
10-Jun-22,"Rp 24,334,509.18"
9-Jun-22,"Rp 26,152,669.69"
8-Jun-22,"Rp 26,030,653.02"
7-Jun-22,"Rp 26,254,721.07"
6-Jun-22,"Rp 26,852,791.01"
5-Jun-22,"Rp 26,062,926.55"
4-Jun-22,"Rp 26,003,529.94"
3-Jun-22,"Rp 25,620,597.25"
2-Jun-22,"Rp 26,475,963.48"
1-Jun-22,"Rp 26,542,963.78"
31-May-22,"Rp 28,253,769.15"
30-May-22,"Rp 29,043,229.59"
29-May-22,"Rp 26,414,212.90"
28-May-22,"Rp 26,060,655.46"
27-May-22,"Rp 25,079,343.49"
26-May-22,"Rp 26,373,179.00"
25-May-22,"Rp 28,439,217.58"
24-May-22,"Rp 28,998,123.46"
23-May-22,"Rp 28,860,909.76"
22-May-22,"Rp 29,936,546.54"
21-May-22,"Rp 28,971,010.07"
20-May-22,"Rp 28,777,293.95"
19-May-22,"Rp 29,543,395.70"
18-May-22,"Rp 28,289,844.13"
17-May-22,"Rp 30,638,083.11"
16-May-22,"Rp 29,627,878.12"
15-May-22,"Rp 31,354,578.26"
14-May-22,"Rp 30,157,210.42"
13-May-22,"Rp 29,543,357.10"
12-May-22,"Rp 28,772,335.04"
11-May-22,"Rp 30,140,685.64"
10-May-22,"Rp 34,042,776.57"
9-May-22,"Rp 32,676,066.45"
8-May-22,"Rp 36,495,565.03"
7-May-22,"Rp 38,219,789.16"
6-May-22,"Rp 39,073,567.19"
5-May-22,"Rp 39,750,184.07"
4-May-22,"Rp 42,433,504.85"
3-May-22,"Rp 40,237,375.38"
2-May-22,"Rp 41,508,459.64"
1-May-22,"Rp 40,993,921.98"
30-Apr-22,"Rp 39,656,236.61"
29-Apr-22,"Rp 40,896,899.12"
28-Apr-22,"Rp 42,632,635.79"
27-Apr-22,"Rp 41,737,957.23"
26-Apr-22,"Rp 40,530,765.68"
25-Apr-22,"Rp 43,415,015.98"
24-Apr-22,"Rp 41,960,905.05"
23-Apr-22,"Rp 42,514,509.48"
22-Apr-22,"Rp 42,901,171.31"
21-Apr-22,"Rp 42,977,897.22"
20-Apr-22,"Rp 44,171,808.20"
19-Apr-22,"Rp 44,590,334.97"
18-Apr-22,"Rp 43,888,428.16"
17-Apr-22,"Rp 42,937,554.70"
16-Apr-22,"Rp 43,995,499.84"
15-Apr-22,"Rp 43,688,139.85"
14-Apr-22,"Rp 43,438,227.39"
13-Apr-22,"Rp 44,780,203.47"
12-Apr-22,"Rp 43,529,085.01"
11-Apr-22,"Rp 42,846,636.08"
10-Apr-22,"Rp 46,129,893.26"
9-Apr-22,"Rp 46,875,855.62"
8-Apr-22,"Rp 45,872,178.86"
7-Apr-22,"Rp 46,526,823.03"
6-Apr-22,"Rp 45,631,538.92"
5-Apr-22,"Rp 49,022,938.05"
4-Apr-22,"Rp 50,455,512.12"
3-Apr-22,"Rp 50,615,751.06"
2-Apr-22,"Rp 49,510,498.50"
1-Apr-22,"Rp 49,575,065.96"
31-Mar-22,"Rp 47,115,367.21"
30-Mar-22,"Rp 48,509,700.03"
29-Mar-22,"Rp 48,810,019.07"
28-Mar-22,"Rp 47,927,085.33"
27-Mar-22,"Rp 47,204,567.38"
26-Mar-22,"Rp 45,127,879.12"
25-Mar-22,"Rp 44,603,722.23"
24-Mar-22,"Rp 44,638,295.96"
23-Mar-22,"Rp 43,589,926.43"
22-Mar-22,"Rp 42,665,609.74"
21-Mar-22,"Rp 41,586,389.11"
20-Mar-22,"Rp 41,041,084.56"
19-Mar-22,"Rp 42,256,251.08"
18-Mar-22,"Rp 42,243,140.54"
17-Mar-22,"Rp 40,338,271.47"
16-Mar-22,"Rp 39,551,537.38"
15-Mar-22,"Rp 37,498,627.64"
14-Mar-22,"Rp 37,181,478.07"
13-Mar-22,"Rp 36,071,213.61"
12-Mar-22,"Rp 36,888,503.50"
11-Mar-22,"Rp 36,670,859.74"
10-Mar-22,"Rp 37,242,932.55"
9-Mar-22,"Rp 38,921,116.71"
8-Mar-22,"Rp 37,011,629.67"
7-Mar-22,"Rp 35,986,390.52"
6-Mar-22,"Rp 36,753,020.33"
5-Mar-22,"Rp 38,328,799.75"
4-Mar-22,"Rp 37,643,078.58"
3-Mar-22,"Rp 40,701,275.67"
2-Mar-22,"Rp 42,456,630.40"
1-Mar-22,"Rp 42,892,495.07"
28-Feb-22,"Rp 41,942,818.72"
27-Feb-22,"Rp 37,606,553.67"
26-Feb-22,"Rp 39,865,153.31"
25-Feb-22,"Rp 39,627,545.23"
24-Feb-22,"Rp 37,467,895.64"
23-Feb-22,"Rp 37,176,193.69"
22-Feb-22,"Rp 37,953,651.27"
21-Feb-22,"Rp 36,946,617.16"
20-Feb-22,"Rp 37,736,040.37"
19-Feb-22,"Rp 39,705,818.97"
18-Feb-22,"Rp 40,022,268.29"
17-Feb-22,"Rp 41,370,590.22"
16-Feb-22,"Rp 44,661,913.17"
15-Feb-22,"Rp 45,371,758.07"
14-Feb-22,"Rp 41,969,284.56"
13-Feb-22,"Rp 41,368,654.53"
12-Feb-22,"Rp 41,848,838.33"
11-Feb-22,"Rp 41,992,586.37"
10-Feb-22,"Rp 44,182,631.69"
9-Feb-22,"Rp 46,461,913.67"
8-Feb-22,"Rp 44,924,188.82"
7-Feb-22,"Rp 45,235,550.25"
6-Feb-22,"Rp 44,011,907.27"
5-Feb-22,"Rp 43,413,045.91"
4-Feb-22,"Rp 42,965,741.24"
3-Feb-22,"Rp 38,554,488.07"
2-Feb-22,"Rp 38,513,307.93"
1-Feb-22,"Rp 40,036,169.17"
31-Jan-22,"Rp 38,594,276.34"
30-Jan-22,"Rp 37,449,874.07"
29-Jan-22,"Rp 37,354,907.96"
28-Jan-22,"Rp 36,635,842.75"
27-Jan-22,"Rp 34,879,103.19"
26-Jan-22,"Rp 35,501,258.13"
25-Jan-22,"Rp 35,237,427.49"
24-Jan-22,"Rp 35,020,764.12"
23-Jan-22,"Rp 36,332,253.63"
22-Jan-22,"Rp 34,465,643.37"
21-Jan-22,"Rp 36,654,520.68"
20-Jan-22,"Rp 43,069,073.67"
19-Jan-22,"Rp 44,541,126.14"
18-Jan-22,"Rp 45,431,289.41"
17-Jan-22,"Rp 46,036,344.56"
16-Jan-22,"Rp 47,974,510.82"
15-Jan-22,"Rp 47,675,050.31"
14-Jan-22,"Rp 47,381,180.86"
13-Jan-22,"Rp 46,480,266.57"
12-Jan-22,"Rp 48,311,180.53"
11-Jan-22,"Rp 46,338,346.49"
10-Jan-22,"Rp 44,141,230.03"
9-Jan-22,"Rp 45,297,275.50"
8-Jan-22,"Rp 44,273,182.44"
7-Jan-22,"Rp 45,722,782.61"
6-Jan-22,"Rp 49,125,603.08"
5-Jan-22,"Rp 51,142,790.47"
4-Jan-22,"Rp 54,431,244.44"
3-Jan-22,"Rp 53,726,239.35"
2-Jan-22,"Rp 54,547,716.54"
1-Jan-22,"Rp 53,688,023.48"
31-Dec-21,"Rp 52,448,057.84"
30-Dec-21,"Rp 52,982,372.03"
29-Dec-21,"Rp 51,699,319.25"
28-Dec-21,"Rp 54,078,916.77"
27-Dec-21,"Rp 57,429,660.44"
26-Dec-21,"Rp 57,712,741.92"
25-Dec-21,"Rp 58,045,793.28"
